rank,keyword,id
1,소화기,01100101.20181210154501001
1,소화기,01100101.20181220204924001
2,밥상,01100101.20181211203921001
2,밥상,01100101.20181212205531001
3,기타,01100101.20181216195658001
3,기타,01100201.20181214184307001
4,그릇,01100101.20181220135549001
5,냄비,01100101.20181220210252002
6,크리스마스카드,01100101.20181224205250002
7,제기,01100201.20181211161101001
8,맥주잔,01100201.20181214184307001
9,풍선,01100201.20181225155843001
10,식물,01100301.20181210085124001
11,화분,01100301.20181210085124001
